username,name,category,include,note
yourtmsu,TMSU,not McMaster,no,another school's union or a provincial student group
yourwusa,WUSA,not McMaster,no,another school's union or a provincial student group
h.a.r.r.c,Hamilton Anti-Racism-Res-Ctr,not McMaster,no,"city, government, or outside organization"
cityofhamilton,City of Hamilton,not McMaster,no,"city, government, or outside organization"
ongov,Ontario Government,not McMaster,no,"city, government, or outside organization"
speqtrumyhm,speqtrum Hamilton,not McMaster,no,"city, government, or outside organization"
hamiltonhealthsciences,Hamilton Health Sciences,not McMaster,no,"city, government, or outside organization"
mcmasterparking,McMaster  Parking,"service, no events",no,parking office
sachahamont,SACHA,not McMaster,no,"city, government, or outside organization"
stjoesywc,Youth Wellness Centre,not McMaster,no,"city, government, or outside organization"
ywcahamilton,YWCA Hamilton,not McMaster,no,"city, government, or outside organization"
hamontyouth,City of Hamilton Youth,not McMaster,no,"city, government, or outside organization"
mcmasterhsed,HSED McMaster,club,yes,
hamartscouncil,Hamilton Arts Council,not McMaster,no,"city, government, or outside organization"
hamiltoncivic,HCCI,not McMaster,no,"city, government, or outside organization"
mactuaries,McMaster Actuarial Society,club,yes,
electionson,Elections Ontario,not McMaster,no,"city, government, or outside organization"
diversityinfinance,DIFN,unsure,yes,couldn't tell if it's a McMaster club; included
hamontbikeshare,Hamilton Bike Share,not McMaster,no,"city, government, or outside organization"
shakeuptheestab,Shake Up The Establishment,not McMaster,no,"city, government, or outside organization"
maddieschizas,Madeline Schizas,personal,no,individual
hamiltonartistsinc,Hamilton Artists Inc.,not McMaster,no,"city, government, or outside organization"
climatejusticeopirgmcmaster,Climate Justice OPIRG McMaster,club,yes,
ousahome,OUSA,not McMaster,no,another school's union or a provincial student group
mcmaster_misc,MISC,club,yes,
hamiltonstreetrailway,Hamilton Street Railway,not McMaster,no,"city, government, or outside organization"
mcmaster.hassa,HASSA,club,yes,
bsmp.mcmaster,Black Student Mentorship,club,yes,
macscigrad,MacGradSci,club,yes,
sustainability.mes,MES Sustainability Committee,club,yes,
mcmasterbiopharm,mcmasterbiopharm,unsure,yes,no name on the profile; included
sotamcmaster,School of the Arts McMaster,official (university/MSU),yes,
empowermentsqdmac,Empowerment Squared McMaster,club,yes,
mcmasteryogaclub,McMaster Yoga Club,club,yes,
macdanceteam,MAC Dance Team,club,yes,
mac.chegss,McMaster ChEGSS,club,yes,
mcmasterconted,McMaster Continuing Education,"service, no events",no,continuing education for adult learners
stonechurchfamilyhealthcentre,Stonechurch Family Health,not McMaster,no,"city, government, or outside organization"
cissaatmac,C.I.S.S.A.,club,yes,
mcmastercommunityfridge,McMaster Community Fridge,club,yes,
srabusiness_,SRA Business Caucus,official (university/MSU),yes,
lyonsnewmedia,Lyons New Media Centre,official (university/MSU),yes,
mcmasterdisa,DeGroote Information Systems,club,yes,
chrisglovermpp,Chris Glover,personal,no,individual
sra.kinesiology,SRA Kinesiology,official (university/MSU),yes,
thesilhouettearchive,MacU News,archive,no,old account; The Silhouette is already followed
lidiaa.ke,lidiaa.ke,personal,no,individual
933cfmu,CFMU Archive,archive,no,old account; CFMU is already followed
mcmasterblackformal,mcmasterblackformal,unsure,yes,probably a ticketed formal; included
eileennwangg,eileen ⋆. 𐙚 ˚,personal,no,individual
kids4kids.mac,Kids4Kids,club,yes,
mcmastersumma2021,Quixotic,unsure,yes,possibly an old account; included
eco_friendlymac,Eco-Friendly Mac,club,yes,
thodebandit,Thode Bandit,meme/unofficial,no,memes
dilrajboparai13,dilrajboparai13,personal,no,individual
macoffcampusww,McMaster Off-Campus Students,official (university/MSU),yes,
birdsxencouragement,Birds of Encouragement,unsure,yes,couldn't tell from the name; included
msucharityball,MSU Charity Ball,official (university/MSU),yes,
katiekiim,katie 채현,personal,no,individual
srahealthsci,SRA Health Sciences,official (university/MSU),yes,
commitmentallyshipmac,Commit(men)t & Allyship,club,yes,
piraveenaa_b,Piraveenaa,personal,no,individual
subhiiii.__,Subhi🎴,personal,no,individual
taryngoudie,Taryn Goudie,personal,no,individual
p.a.r.xoxo,Pardis,personal,no,individual
jellie_ca,anj,personal,no,individual
hamontwashrooms,Hamilton Public Washrooms,not McMaster,no,"city, government, or outside organization"
julia_daley24,Julia Daley,personal,no,individual
incomingmacsocsci,incoming mac soc sci,unsure,yes,unofficial first-year page (promoter-style); included
